0.000000000000000000e+00,0.000000000000000000e+00,0.000000000000000000e+00,0.000000000000000000e+00,0.000000000000000000e+00,0.000000000000000000e+00
-2.301891406729176470e+00,-2.301044267426318957e+00,-2.309131383954078132e+00,-2.301044267426318957e+00,-2.273251840000003909e+00,-2.881600000000000161e+00
-1.636701213800397570e+00,-1.635047879540756144e+00,-1.658414691110425832e+00,-1.635047879540756144e+00,-7.504000000000046189e-01,-1.959999999999999964e+00
-2.191510667302448923e+00,-2.200743131725223733e+00,-2.193647763350561775e+00,-2.200743131725223733e+00,-2.122086400000003259e+00,-2.881600000000000161e+00
-2.496191501208036456e+00,-2.496206273117866026e+00,-2.496191501220891062e+00,-2.496206273117866026e+00,-2.881600000000000161e+00,-2.881600000000000161e+00
0.000000000000000000e+00,0.000000000000000000e+00,0.000000000000000000e+00,0.000000000000000000e+00,0.000000000000000000e+00,0.000000000000000000e+00
-2.496191501275855540e+00,-2.496206273117866026e+00,-2.496191501272080782e+00,-2.496206273117866026e+00,-2.881600000000000161e+00,-2.881600000000000161e+00
-2.482368061880092291e+00,-2.482819712012182656e+00,-2.482368061761859757e+00,-2.482819712012182656e+00,-2.881600000000000161e+00,-2.881600000000000161e+00
-2.273251840000003909e+00,-2.284119213787238589e+00,-2.285195321911407618e+00,-2.284119213787238589e+00,-2.881600000000000161e+00,-2.881600000000000161e+00
-2.470613438464000389e+00,-2.470791825808952513e+00,-2.471471286249264487e+00,-2.470791825808952513e+00,-2.881600000000000161e+00,-2.881600000000000161e+00
0.000000000000000000e+00,0.000000000000000000e+00,0.000000000000000000e+00,0.000000000000000000e+00,0.000000000000000000e+00,0.000000000000000000e+00
-2.451022397440000944e+00,-2.452329510275241375e+00,-2.452712303975016273e+00,-2.452329510275241375e+00,-2.881600000000000161e+00,-2.881600000000000161e+00
-2.489420836696802475e+00,-2.489473469916128945e+00,-2.489420836746363719e+00,-2.489473469916128945e+00,-2.881600000000000161e+00,-2.881600000000000161e+00
-2.470613438080406787e+00,-2.470791825808952513e+00,-2.470613438073813395e+00,-2.470791825808952513e+00,-2.881600000000000161e+00,-2.881600000000000161e+00
-2.489420837185550628e+00,-2.489473469916128945e+00,-2.489420837166623102e+00,-2.489473469916128945e+00,-2.881600000000000161e+00,-2.881600000000000161e+00
0.000000000000000000e+00,0.000000000000000000e+00,0.000000000000000000e+00,0.000000000000000000e+00,0.000000000000000000e+00,0.000000000000000000e+00
-1.000000000000000056e-01,-1.000000000000000056e-01,-1.000000000000000056e-01,-1.000000000000000056e-01,-1.000000000000000000e+00,1.999999999999998579e+01
-2.122086400000003259e+00,-2.175285516194903845e+00,-2.175450710426658052e+00,-2.175285516194903845e+00,-2.881600000000000161e+00,-2.184088784947163298e+00
4.159999999999930420e-01,-1.251032980800465433e+00,-1.264748157565653175e+00,-1.251032980800465433e+00,-1.959999999999999964e+00,-1.288765199928711969e+00
-1.870144000000002915e+00,-2.011584621111699889e+00,-2.007515484038920217e+00,-2.011584621111699889e+00,-2.881600000000000161e+00,-2.026203180645852253e+00
0.000000000000000000e+00,0.000000000000000000e+00,0.000000000000000000e+00,0.000000000000000000e+00,0.000000000000000000e+00,0.000000000000000000e+00
-2.371179130852707484e+00,-2.367727735867419803e+00,-2.367727735867419803e+00,-2.363951104000004300e+00,-2.881600000000000161e+00,-2.881600000000000161e+00
-1.853961404601150997e+00,-1.850033910396595926e+00,-1.850033910396595926e+00,-1.450240000000003526e+00,-1.959999999999999964e+00,-1.959999999999999964e+00
-2.289751761208583591e+00,-2.284119213787238589e+00,-2.284119213787238589e+00,-2.273251840000003909e+00,-2.881600000000000161e+00,-2.881600000000000161e+00
-2.493652502708219032e+00,-2.493808280614515649e+00,-2.493808280614515649e+00,-2.493838628584906569e+00,-2.881600000000000161e+00,-2.881600000000000161e+00
0.000000000000000000e+00,0.000000000000000000e+00,0.000000000000000000e+00,0.000000000000000000e+00,0.000000000000000000e+00,0.000000000000000000e+00
-2.493652502708219032e+00,-2.493808280614515649e+00,-2.493808280614515649e+00,-2.493885308352821628e+00,-2.881600000000000161e+00,-2.881600000000000161e+00
-2.470613438463995060e+00,-2.470791825808952513e+00,-2.470791825808952513e+00,-2.470824793753808812e+00,-2.881600000000000161e+00,-2.881600000000000161e+00
-2.363951103372851748e+00,-2.367727735867419803e+00,-2.367727735867419803e+00,-2.363951103393888697e+00,-2.881600000000000161e+00,-2.881600000000000161e+00
-2.482368061673025039e+00,-2.482819712012182656e+00,-2.482819712012182656e+00,-2.482368061753358557e+00,-2.881600000000000161e+00,-2.881600000000000161e+00
0.000000000000000000e+00,0.000000000000000000e+00,0.000000000000000000e+00,0.000000000000000000e+00,0.000000000000000000e+00,0.000000000000000000e+00
-2.470613437672259494e+00,-2.470791825808952513e+00,-2.470791825808952513e+00,-2.470613437589689543e+00,-2.881600000000000161e+00,-2.881600000000000161e+00
-2.482368063078398635e+00,-2.482819712012182656e+00,-2.482819712012182656e+00,-2.482664264918900798e+00,-2.881600000000000161e+00,-2.881600000000000161e+00
-2.451022397440000944e+00,-2.452329510275241375e+00,-2.452329510275241375e+00,-2.452600769790653334e+00,-2.881600000000000161e+00,-2.881600000000000161e+00
-2.482368063078398635e+00,-2.482819712012182656e+00,-2.482819712012182656e+00,-2.482503489522005502e+00,-2.881600000000000161e+00,-2.881600000000000161e+00
0.000000000000000000e+00,0.000000000000000000e+00,0.000000000000000000e+00,0.000000000000000000e+00,0.000000000000000000e+00,0.000000000000000000e+00
-1.960000000000000075e-01,-1.960000000000000075e-01,-1.960000000000000075e-01,3.284120000000000372e-01,-1.000000000000000000e+00,-1.000000000000000000e+00
-2.016742962830868180e+00,-2.031121236267231733e+00,-2.031121236267231733e+00,-2.046341514039723641e+00,-2.881600000000000161e+00,-2.881600000000000161e+00
-1.117166385862282008e+00,-1.144784050347727344e+00,-1.144784050347727344e+00,-1.172119209957046992e+00,-1.959999999999999964e+00,-1.959999999999999964e+00
-1.823918052068282059e+00,-1.850033910396595926e+00,-1.850033910396595926e+00,-1.855834234157270224e+00,-1.959999999999999964e+00,-1.959999999999999964e+00
0.000000000000000000e+00,0.000000000000000000e+00,0.000000000000000000e+00,0.000000000000000000e+00,0.000000000000000000e+00,0.000000000000000000e+00
-2.489420837847035273e+00,-2.489473469916128945e+00,-2.489562751745908020e+00,-2.489473469916128945e+00,-2.881600000000000161e+00,-2.881600000000000161e+00
-2.418370662400000981e+00,-2.418955493141867308e+00,-2.421964122882701353e+00,-2.418955493141867308e+00,-2.881600000000000161e+00,-2.881600000000000161e+00
-2.482368063078395970e+00,-2.482819712012182656e+00,-2.482996640493414287e+00,-2.482819712012182656e+00,-2.881600000000000161e+00,-2.881600000000000161e+00
-2.420921770696161879e+00,-2.418955493141867308e+00,-2.418370662400000981e+00,-2.418955493141867308e+00,-2.881600000000000161e+00,-2.881600000000000161e+00
0.000000000000000000e+00,0.000000000000000000e+00,0.000000000000000000e+00,0.000000000000000000e+00,0.000000000000000000e+00,0.000000000000000000e+00
-2.422294580322082780e+00,-2.418955493141867308e+00,-2.418370662400000981e+00,-2.418955493141867308e+00,-2.881600000000000161e+00,-2.881600000000000161e+00
-2.144733013149602741e+00,-2.147662235454539825e+00,-2.122086400000003259e+00,-2.147662235454539825e+00,-2.881600000000000161e+00,-2.881600000000000161e+00
-2.418370662400000981e+00,-2.418955493141867308e+00,-2.421800934364458424e+00,-2.418955493141867308e+00,-2.881600000000000161e+00,-2.881600000000000161e+00
-2.489420837847040602e+00,-2.489473469916128945e+00,-2.489925807291476723e+00,-2.489473469916128945e+00,-2.881600000000000161e+00,-2.881600000000000161e+00
0.000000000000000000e+00,0.000000000000000000e+00,0.000000000000000000e+00,0.000000000000000000e+00,0.000000000000000000e+00,0.000000000000000000e+00
-2.482368063078401299e+00,-2.482819712012182656e+00,-2.482456453316393752e+00,-2.482819712012182656e+00,-2.881600000000000161e+00,-2.881600000000000161e+00
-2.470613437721522310e+00,-2.470791825808952513e+00,-2.470613437789069167e+00,-2.470791825808952513e+00,-2.881600000000000161e+00,-2.881600000000000161e+00
-2.418370658385160521e+00,-2.418955493141867308e+00,-2.418370658318885535e+00,-2.418955493141867308e+00,-2.881600000000000161e+00,-2.881600000000000161e+00
-2.470613437504542542e+00,-2.470791825808952513e+00,-2.470613437427526815e+00,-2.470791825808952513e+00,-2.881600000000000161e+00,-2.881600000000000161e+00
0.000000000000000000e+00,0.000000000000000000e+00,0.000000000000000000e+00,0.000000000000000000e+00,0.000000000000000000e+00,0.000000000000000000e+00
-1.703798273631957461e+00,-1.734745720753370524e+00,-1.720260290276830473e+00,-1.734745720753370524e+00,-1.959999999999999964e+00,-1.959999999999999964e+00
-2.936895999999999951e-01,-3.766336000000000128e-01,1.264366445542603468e-01,-3.766336000000000128e-01,-1.000000000000000000e+00,-1.000000000000000000e+00
-1.776530142159611358e+00,-1.794741656246306327e+00,-1.781439391956605167e+00,-1.794741656246306327e+00,-1.959999999999999964e+00,-1.959999999999999964e+00
-9.589393339226854884e-01,-9.044016736203975837e-01,-9.080158684788092183e-01,-9.044016736203975837e-01,-1.000000000000000000e+00,-1.000000000000000000e+00
0.000000000000000000e+00,0.000000000000000000e+00,0.000000000000000000e+00,0.000000000000000000e+00,0.000000000000000000e+00,0.000000000000000000e+00
-2.493652502708201713e+00,-2.493808280614515649e+00,-2.493878669890535082e+00,-2.493652502708203045e+00,-2.881600000000000161e+00,-2.881600000000000161e+00
-2.451022397439925449e+00,-2.452329510275241375e+00,-2.453859927747748415e+00,-2.451022397439924116e+00,-2.881600000000000161e+00,-2.881600000000000161e+00
-2.489420837847023726e+00,-2.489473469916128945e+00,-2.489812340866536466e+00,-2.489420837847024615e+00,-2.881600000000000161e+00,-2.881600000000000161e+00
-2.367824514885759513e+00,-2.367727735867419803e+00,-2.363951104000004300e+00,-2.364070541588443319e+00,-2.881600000000000161e+00,-2.881600000000000161e+00
0.000000000000000000e+00,0.000000000000000000e+00,0.000000000000000000e+00,0.000000000000000000e+00,0.000000000000000000e+00,0.000000000000000000e+00
-2.370709313423218667e+00,-2.367727735867419803e+00,-2.363951104000004300e+00,-2.372753848729670878e+00,-2.881600000000000161e+00,-2.881600000000000161e+00
-2.000003420853423641e+00,-1.991233980324687458e+00,-1.870144000000002915e+00,-2.006360056914271883e+00,-2.881600000000000161e+00,-2.881600000000000161e+00
-2.451022397439979628e+00,-2.452329510275241375e+00,-2.452212460539669792e+00,-2.451022397439980960e+00,-2.881600000000000161e+00,-2.881600000000000161e+00
-2.493652502708193275e+00,-2.493808280614515649e+00,-2.493885145372259249e+00,-2.493652502708190166e+00,-2.881600000000000161e+00,-2.881600000000000161e+00
0.000000000000000000e+00,0.000000000000000000e+00,0.000000000000000000e+00,0.000000000000000000e+00,0.000000000000000000e+00,0.000000000000000000e+00
-2.489420837846935797e+00,-2.489473469916128945e+00,-2.489705045910261649e+00,-2.489420837846942014e+00,-2.881600000000000161e+00,-2.881600000000000161e+00
-2.451022397439998279e+00,-2.452329510275241375e+00,-2.451251545131212239e+00,-2.451111892445030804e+00,-2.881600000000000161e+00,-2.881600000000000161e+00
-2.363951104000000747e+00,-2.367727735867419803e+00,-2.368308768161913491e+00,-2.365886278411818644e+00,-2.881600000000000161e+00,-2.881600000000000161e+00
-2.451022397439998279e+00,-2.452329510275241375e+00,-2.451677379100849485e+00,-2.453157304172105313e+00,-2.881600000000000161e+00,-2.881600000000000161e+00
0.000000000000000000e+00,0.000000000000000000e+00,0.000000000000000000e+00,0.000000000000000000e+00,0.000000000000000000e+00,0.000000000000000000e+00
-1.870144000000002915e+00,-1.924951601748642771e+00,-1.938884817283347273e+00,-1.918390862382404638e+00,-1.959999999999999964e+00,-1.959999999999999964e+00
-1.960000000000000075e-01,-1.960000000000000075e-01,1.099999999999998224e+01,-1.000000000000000056e-01,-1.000000000000000000e+00,-1.000000000000000000e+00
-1.870144000000002915e+00,-1.947953537678697167e+00,-1.961996330602159055e+00,-1.947922071863067650e+00,-1.959999999999999964e+00,-1.959999999999999964e+00
-6.685039528569670653e-01,-9.682256066755816626e-01,-9.282843201582930970e-01,-9.729104970555461085e-01,-1.000000000000000000e+00,-1.000000000000000000e+00
0.000000000000000000e+00,0.000000000000000000e+00,0.000000000000000000e+00,0.000000000000000000e+00,0.000000000000000000e+00,0.000000000000000000e+00
-2.496191500939551666e+00,-2.496206273117866026e+00,-2.496206273117866026e+00,-2.496191500870871938e+00,-2.881600000000000161e+00,-2.881600000000000161e+00
-2.470613434755158710e+00,-2.470791825808952513e+00,-2.470791825808952513e+00,-2.470613435004045844e+00,-2.881600000000000161e+00,-2.881600000000000161e+00
-2.493652502573172391e+00,-2.493808280614515649e+00,-2.493808280614515649e+00,-2.493652502561070516e+00,-2.881600000000000161e+00,-2.881600000000000161e+00
-2.290902584160427580e+00,-2.284119213787238589e+00,-2.284119213787238589e+00,-2.281827011659723681e+00,-2.273251840000003909e+00,-2.881600000000000161e+00
0.000000000000000000e+00,0.000000000000000000e+00,0.000000000000000000e+00,0.000000000000000000e+00,0.000000000000000000e+00,0.000000000000000000e+00
-2.294955407683432647e+00,-2.292754445235749117e+00,-2.292754445235749117e+00,-2.285315806491771351e+00,-2.273251840000003909e+00,-2.881600000000000161e+00
-1.791778856360050076e+00,-1.765355891923235720e+00,-1.765355891923235720e+00,-1.772206191873298531e+00,-1.450240000000003526e+00,-1.959999999999999964e+00
-2.470613437088278186e+00,-2.470791825808952513e+00,-2.470791825808952513e+00,-2.470613437006952573e+00,-2.881600000000000161e+00,-2.881600000000000161e+00
-2.496191501506398236e+00,-2.496206273117866026e+00,-2.496206273117866026e+00,-2.496191501504992694e+00,-2.881600000000000161e+00,-2.881600000000000161e+00
0.000000000000000000e+00,0.000000000000000000e+00,0.000000000000000000e+00,0.000000000000000000e+00,0.000000000000000000e+00,0.000000000000000000e+00
-2.493652502162199358e+00,-2.493808280614515649e+00,-2.493808280614515649e+00,-2.493652502174964258e+00,-2.881600000000000161e+00,-2.881600000000000161e+00
-2.470613436419423881e+00,-2.470791825808952513e+00,-2.470791825808952513e+00,-2.470613436256371642e+00,-2.881600000000000161e+00,-2.881600000000000161e+00
-2.418370660522149773e+00,-2.418955493141867308e+00,-2.418955493141867308e+00,-2.418370660522079163e+00,-2.881600000000000161e+00,-2.881600000000000161e+00
-2.470613432745194071e+00,-2.470791825808952513e+00,-2.470791825808952513e+00,-2.470613432403133913e+00,-2.881600000000000161e+00,-2.881600000000000161e+00
0.000000000000000000e+00,0.000000000000000000e+00,0.000000000000000000e+00,0.000000000000000000e+00,0.000000000000000000e+00,0.000000000000000000e+00
-2.132229490929136162e+00,-2.132981495265145799e+00,-2.132981495265145799e+00,-2.122086400000003259e+00,-2.881600000000000161e+00,-2.145773184878477124e+00
-1.000000000000000056e-01,-1.000000000000000056e-01,-1.000000000000000056e-01,-1.000000000000000056e-01,-1.000000000000000000e+00,1.999999999999998579e+01
-2.146856180710383200e+00,-2.147662235454539825e+00,-2.147662235454539825e+00,-2.122086400000003259e+00,-2.881600000000000161e+00,-2.152280283927931137e+00
-7.504000000000046189e-01,-1.348951995105708956e+00,-1.348951995105708956e+00,-1.334878768469643262e+00,-1.959999999999999964e+00,-1.393580238924188475e+00
0.000000000000000000e+00,0.000000000000000000e+00,0.000000000000000000e+00,0.000000000000000000e+00,0.000000000000000000e+00,0.000000000000000000e+00
-2.376866269545408805e+00,-2.363951104000004300e+00,-2.377347130128903974e+00,-2.378097881375414335e+00,-2.881600000000000161e+00,-2.881600000000000161e+00
-1.877957915195922700e+00,-1.450240000000003526e+00,-1.880384651409155561e+00,-1.876032553980732098e+00,-1.959999999999999964e+00,-1.959999999999999964e+00
-2.299921436323231649e+00,-2.273251840000003909e+00,-2.305185508268521311e+00,-2.301044267426318957e+00,-2.881600000000000161e+00,-2.881600000000000161e+00
-2.493652502708021412e+00,-2.493864179015914395e+00,-2.493652502708012086e+00,-2.493808280614515649e+00,-2.881600000000000161e+00,-2.881600000000000161e+00
0.000000000000000000e+00,0.000000000000000000e+00,0.000000000000000000e+00,0.000000000000000000e+00,0.000000000000000000e+00,0.000000000000000000e+00
-2.493652502708187058e+00,-2.493757517886662445e+00,-2.493652502708187946e+00,-2.493808280614515649e+00,-2.881600000000000161e+00,-2.881600000000000161e+00
-2.470613438463911571e+00,-2.471839897239346051e+00,-2.470613438463903577e+00,-2.470791825808952513e+00,-2.881600000000000161e+00,-2.881600000000000161e+00
-2.122086400000003259e+00,-2.221755335123906328e+00,-2.225150271685026659e+00,-2.224204870197966422e+00,-2.881600000000000161e+00,-2.881600000000000161e+00
-2.451022397440004497e+00,-2.456392139372965744e+00,-2.456521664192388155e+00,-2.456066876669662502e+00,-2.881600000000000161e+00,-2.881600000000000161e+00
0.000000000000000000e+00,0.000000000000000000e+00,0.000000000000000000e+00,0.000000000000000000e+00,0.000000000000000000e+00,0.000000000000000000e+00
-2.418370662400004534e+00,-2.422441075140797206e+00,-2.423407631992826605e+00,-2.425309382479544862e+00,-2.881600000000000161e+00,-2.881600000000000161e+00
-2.482368063078306708e+00,-2.483403580011235512e+00,-2.482368063078300047e+00,-2.482819712012182656e+00,-2.881600000000000161e+00,-2.881600000000000161e+00
-2.451022397439963640e+00,-2.453971861782930475e+00,-2.451022397439964084e+00,-2.452329510275241375e+00,-2.881600000000000161e+00,-2.881600000000000161e+00
-2.482368063078371545e+00,-2.482650767458687291e+00,-2.482368063078373321e+00,-2.482819712012182656e+00,-2.881600000000000161e+00,-2.881600000000000161e+00
0.000000000000000000e+00,0.000000000000000000e+00,0.000000000000000000e+00,0.000000000000000000e+00,0.000000000000000000e+00,0.000000000000000000e+00
-1.960000000000000075e-01,1.099999999999998224e+01,-2.013999999999999957e-01,-1.960000000000000075e-01,-1.000000000000000000e+00,-1.000000000000000000e+00
-1.870144000000002915e+00,-2.011401994389516279e+00,-2.008574374718698596e+00,-2.011584621111699889e+00,-2.881600000000000161e+00,-2.881600000000000161e+00
2.359999999999988773e+00,-9.348098836549316726e-01,-9.241527028186944381e-01,-9.044016736203975837e-01,-1.000000000000000000e+00,-1.000000000000000000e+00
-1.450240000000003526e+00,-1.808209397765712323e+00,-1.775513774150651258e+00,-1.794741656246306327e+00,-1.959999999999999964e+00,-1.959999999999999964e+00
0.000000000000000000e+00,0.000000000000000000e+00,0.000000000000000000e+00,0.000000000000000000e+00,0.000000000000000000e+00,0.000000000000000000e+00
-2.423091508468838473e+00,-2.418370964749932739e+00,-2.418955493141867308e+00,-2.418370662400000981e+00,-2.881600000000000161e+00,-2.881600000000000161e+00
-2.015010280314502022e+00,-2.009894249617455220e+00,-2.011584621111699889e+00,-1.870144000000002915e+00,-2.881600000000000161e+00,-2.881600000000000161e+00
-2.364436248774178129e+00,-2.363999840740597325e+00,-2.367727735867419803e+00,-2.363951104000000747e+00,-2.881600000000000161e+00,-2.881600000000000161e+00
-2.489420837847035273e+00,-2.489758375258142920e+00,-2.489473469916128945e+00,-2.489874570542708554e+00,-2.881600000000000161e+00,-2.881600000000000161e+00
0.000000000000000000e+00,0.000000000000000000e+00,0.000000000000000000e+00,0.000000000000000000e+00,0.000000000000000000e+00,0.000000000000000000e+00
-2.489420837847035273e+00,-2.489429828140216294e+00,-2.489473469916128945e+00,-2.489489499027572439e+00,-2.881600000000000161e+00,-2.881600000000000161e+00
-2.451022397439995615e+00,-2.451162150298356934e+00,-2.452329510275241375e+00,-2.452463817949829039e+00,-2.881600000000000161e+00,-2.881600000000000161e+00
-2.273251839999991919e+00,-2.274259958949339300e+00,-2.275124181028373549e+00,-2.273251839999991031e+00,-2.881600000000000161e+00,-2.881600000000000161e+00
-2.470613438463900469e+00,-2.470928187491486572e+00,-2.470791825808952513e+00,-2.470613438463900913e+00,-2.881600000000000161e+00,-2.881600000000000161e+00
0.000000000000000000e+00,0.000000000000000000e+00,0.000000000000000000e+00,0.000000000000000000e+00,0.000000000000000000e+00,0.000000000000000000e+00
-2.451022397439951650e+00,-2.451118117617947068e+00,-2.452329510275241375e+00,-2.451022397439952538e+00,-2.881600000000000161e+00,-2.881600000000000161e+00
-2.470613438464000389e+00,-2.471011750014781683e+00,-2.470791825808952513e+00,-2.470657293851850067e+00,-2.881600000000000161e+00,-2.881600000000000161e+00
-2.418370662400004534e+00,-2.419987445499678369e+00,-2.418955493141867308e+00,-2.420537082714334431e+00,-2.881600000000000161e+00,-2.881600000000000161e+00
-2.470613438464000389e+00,-2.472442009214561143e+00,-2.470791825808952513e+00,-2.470832513518231188e+00,-2.881600000000000161e+00,-2.881600000000000161e+00
0.000000000000000000e+00,0.000000000000000000e+00,0.000000000000000000e+00,0.000000000000000000e+00,0.000000000000000000e+00,0.000000000000000000e+00
-3.984924101653219974e-01,-3.535000000000000364e-01,-3.766336000000000128e-01,7.847460320537816281e-02,-1.000000000000000000e+00,-1.000000000000000000e+00
-1.619780712701404557e+00,-1.864080244491475691e+00,-1.876032553980732098e+00,-1.880911486180476322e+00,-1.959999999999999964e+00,-1.959999999999999964e+00
-9.995528644831035425e-01,-9.756451388932468882e-01,-9.682256066755816626e-01,-1.005273142353409588e+00,-1.000000000000000000e+00,-1.000000000000000000e+00
-1.271167428386116738e+00,-1.636091851361771043e+00,-1.635047879540756144e+00,-1.647069795575398121e+00,-1.959999999999999964e+00,-1.959999999999999964e+00
0.000000000000000000e+00,0.000000000000000000e+00,0.000000000000000000e+00,0.000000000000000000e+00,0.000000000000000000e+00,0.000000000000000000e+00
-2.482368063078395970e+00,-2.482525889059099100e+00,-2.482803752586525636e+00,-2.482819712012182656e+00,-2.881600000000000161e+00,-2.881600000000000161e+00
-2.363951104000004300e+00,-2.368994734457557705e+00,-2.371688432025428561e+00,-2.367727735867419803e+00,-2.881600000000000161e+00,-2.881600000000000161e+00
-2.470613438463996836e+00,-2.472378309618344705e+00,-2.470909252982453896e+00,-2.470791825808952513e+00,-2.881600000000000161e+00,-2.881600000000000161e+00
-2.453509277382978304e+00,-2.451022397439998279e+00,-2.451022397439998279e+00,-2.452329510275241375e+00,-2.881600000000000161e+00,-2.881600000000000161e+00
0.000000000000000000e+00,0.000000000000000000e+00,0.000000000000000000e+00,0.000000000000000000e+00,0.000000000000000000e+00,0.000000000000000000e+00
-2.454151818767301485e+00,-2.451022397439998279e+00,-2.451022397439998279e+00,-2.452329510275241375e+00,-2.881600000000000161e+00,-2.881600000000000161e+00
-2.283458180310646402e+00,-2.273276984152457381e+00,-2.273251840000000357e+00,-2.275124181028373549e+00,-2.881600000000000161e+00,-2.881600000000000161e+00
-2.363951104000004300e+00,-2.384124531683842196e+00,-2.387833329563568086e+00,-2.382973966120397691e+00,-2.881600000000000161e+00,-2.881600000000000161e+00
-2.482368063078404852e+00,-2.483269045586078416e+00,-2.483345785290758556e+00,-2.483506923531695332e+00,-2.881600000000000161e+00,-2.881600000000000161e+00
0.000000000000000000e+00,0.000000000000000000e+00,0.000000000000000000e+00,0.000000000000000000e+00,0.000000000000000000e+00,0.000000000000000000e+00
-2.470613438464004830e+00,-2.470956570523987761e+00,-2.471308517015899930e+00,-2.471960152776594200e+00,-2.881600000000000161e+00,-2.881600000000000161e+00
-2.451022397439875711e+00,-2.453290214109151268e+00,-2.451022397439877931e+00,-2.452329510275241375e+00,-2.881600000000000161e+00,-2.881600000000000161e+00
-2.363951103999839098e+00,-2.365501311356794645e+00,-2.363951103999842207e+00,-2.367727735867419803e+00,-2.881600000000000161e+00,-2.881600000000000161e+00
-2.451022397439861944e+00,-2.452495776298925456e+00,-2.451022397439858835e+00,-2.452329510275241375e+00,-2.881600000000000161e+00,-2.881600000000000161e+00
0.000000000000000000e+00,0.000000000000000000e+00,0.000000000000000000e+00,0.000000000000000000e+00,0.000000000000000000e+00,0.000000000000000000e+00
-1.080948581528144103e+00,-1.505461941888029509e+00,-1.498647538657594813e+00,-1.522361336648170749e+00,-1.959999999999999964e+00,-1.959999999999999964e+00
-6.869209617016482916e-01,-6.683744457081900459e-01,2.359999999999988773e+00,-6.965260525404161074e-01,-1.000000000000000000e+00,-1.000000000000000000e+00
-1.204284106855773029e+00,-1.621279458056244183e+00,-1.614140454065009722e+00,-1.599008207854954344e+00,-1.959999999999999964e+00,-1.959999999999999964e+00
-8.710199366161642809e-01,-8.769406927311543809e-01,-8.495987778475341257e-01,-8.379184100212474506e-01,-1.000000000000000000e+00,-1.000000000000000000e+00
0.000000000000000000e+00,0.000000000000000000e+00,0.000000000000000000e+00,0.000000000000000000e+00,0.000000000000000000e+00,0.000000000000000000e+00
-2.489420837847035273e+00,-2.489933633930213830e+00,-2.489808426355053506e+00,-2.489420837847035273e+00,-2.881600000000000161e+00,-2.881600000000000161e+00
-2.418370662400000981e+00,-2.419513979839939655e+00,-2.420203982976329993e+00,-2.418370662400000981e+00,-2.881600000000000161e+00,-2.881600000000000161e+00
-2.482368063078395970e+00,-2.482493434612830008e+00,-2.483434069894748575e+00,-2.482368063078395970e+00,-2.881600000000000161e+00,-2.881600000000000161e+00
-2.423176840466575666e+00,-2.418370662400000981e+00,-2.418370662400000981e+00,-2.418490347085537007e+00,-2.881600000000000161e+00,-2.881600000000000161e+00
0.000000000000000000e+00,0.000000000000000000e+00,0.000000000000000000e+00,0.000000000000000000e+00,0.000000000000000000e+00,0.000000000000000000e+00
-2.421570752213715760e+00,-2.418370662400000981e+00,-2.418370662400000981e+00,-2.418728508403289013e+00,-2.881600000000000161e+00,-2.881600000000000161e+00
-2.152839132213910212e+00,-2.134302304643508119e+00,-2.122086400000003259e+00,-2.136044204905002353e+00,-2.881600000000000161e+00,-2.881600000000000161e+00
-2.418370662400000981e+00,-2.419363001505176580e+00,-2.419411789198135931e+00,-2.418370662400000981e+00,-2.881600000000000161e+00,-2.881600000000000161e+00
-2.489420837847040602e+00,-2.489959721341003185e+00,-2.489955492952439453e+00,-2.489420837847040602e+00,-2.881600000000000161e+00,-2.881600000000000161e+00
0.000000000000000000e+00,0.000000000000000000e+00,0.000000000000000000e+00,0.000000000000000000e+00,0.000000000000000000e+00,0.000000000000000000e+00
-2.482368063078401299e+00,-2.483042020844576037e+00,-2.483097441916117365e+00,-2.482368063078401299e+00,-2.881600000000000161e+00,-2.881600000000000161e+00
-2.418370662400000981e+00,-2.419477672539402047e+00,-2.418701698660596477e+00,-2.419400173299953494e+00,-2.881600000000000161e+00,-2.881600000000000161e+00
-2.273251840000003909e+00,-2.294029993847813031e+00,-2.294220813750355248e+00,-2.292616378049131765e+00,-2.881600000000000161e+00,-2.881600000000000161e+00
-2.418370662400000981e+00,-2.421974057432964678e+00,-2.419550786898990058e+00,-2.418694257193681363e+00,-2.881600000000000161e+00,-2.881600000000000161e+00
0.000000000000000000e+00,0.000000000000000000e+00,0.000000000000000000e+00,0.000000000000000000e+00,0.000000000000000000e+00,0.000000000000000000e+00
-1.450240000000003526e+00,-1.710319260944648034e+00,-1.729651292276710439e+00,-1.696541848862693991e+00,-1.959999999999999964e+00,-1.959999999999999964e+00
-3.907774960000000020e-01,5.599999999999985434e+00,-3.373323999999999767e-01,-3.920147353599999773e-01,-1.000000000000000000e+00,-1.000000000000000000e+00
-1.450240000000003526e+00,-1.785453283785149114e+00,-1.778289709925572781e+00,-1.781356741124714649e+00,-1.959999999999999964e+00,-1.959999999999999964e+00
2.359999999999988773e+00,-6.983427426565544938e-01,-6.896423718416666571e-01,-7.230631872920367798e-01,-1.000000000000000000e+00,-1.000000000000000000e+00
0.000000000000000000e+00,0.000000000000000000e+00,0.000000000000000000e+00,0.000000000000000000e+00,0.000000000000000000e+00,0.000000000000000000e+00
-2.493652502708176844e+00,-2.493846963792009763e+00,-2.493808280614515649e+00,-2.493652502708174623e+00,-2.881600000000000161e+00,-2.881600000000000161e+00
-2.451022397439427625e+00,-2.453262845867578701e+00,-2.452329510275241375e+00,-2.451022397439435174e+00,-2.881600000000000161e+00,-2.881600000000000161e+00
-2.489420837847027279e+00,-2.489537198151719810e+00,-2.489473469916128945e+00,-2.489420837847026835e+00,-2.881600000000000161e+00,-2.881600000000000161e+00
-2.369448145390633087e+00,-2.363951104000004300e+00,-2.367727735867419803e+00,-2.371444185216808442e+00,-2.881600000000000161e+00,-2.881600000000000161e+00
0.000000000000000000e+00,0.000000000000000000e+00,0.000000000000000000e+00,0.000000000000000000e+00,0.000000000000000000e+00,0.000000000000000000e+00
-2.373930060787522667e+00,-2.363951104000004300e+00,-2.367727735867419803e+00,-2.368901768522235773e+00,-2.881600000000000161e+00,-2.881600000000000161e+00
-2.019262322082866490e+00,-1.870144000000002915e+00,-2.011584621111699889e+00,-2.024894325951088092e+00,-2.881600000000000161e+00,-2.881600000000000161e+00
-2.451022397439948541e+00,-2.452492398580047528e+00,-2.452329510275241375e+00,-2.451022397439944989e+00,-2.881600000000000161e+00,-2.881600000000000161e+00
-2.493652502708206598e+00,-2.493706435235533370e+00,-2.493808280614515649e+00,-2.493652502708207486e+00,-2.881600000000000161e+00,-2.881600000000000161e+00
0.000000000000000000e+00,0.000000000000000000e+00,0.000000000000000000e+00,0.000000000000000000e+00,0.000000000000000000e+00,0.000000000000000000e+00
-2.489420837846968659e+00,-2.489501326165509898e+00,-2.489473469916128945e+00,-2.489420837846970880e+00,-2.881600000000000161e+00,-2.881600000000000161e+00
-2.451022397438634037e+00,-2.453256606404798479e+00,-2.452329510275241375e+00,-2.451022397438574085e+00,-2.881600000000000161e+00,-2.881600000000000161e+00
-2.363951103999758274e+00,-2.365500421833317990e+00,-2.367727735867419803e+00,-2.363951103999752945e+00,-2.881600000000000161e+00,-2.881600000000000161e+00
-2.451022397439250877e+00,-2.453597628133421082e+00,-2.452329510275241375e+00,-2.451022397439228673e+00,-2.881600000000000161e+00,-2.881600000000000161e+00
0.000000000000000000e+00,0.000000000000000000e+00,0.000000000000000000e+00,0.000000000000000000e+00,0.000000000000000000e+00,0.000000000000000000e+00
-1.919601938710048250e+00,-1.919601881245087238e+00,-1.924951601748642771e+00,-1.893878287457240850e+00,-1.959999999999999964e+00,-1.959999999999999964e+00
-1.960000000000000075e-01,9.622217741834097282e+00,-1.960000000000000075e-01,-2.013999999999999957e-01,-1.000000000000000000e+00,-1.000000000000000000e+00
-1.957039445350298390e+00,-1.958613770708576896e+00,-1.970035396171549325e+00,-1.918676858622103465e+00,-1.959999999999999964e+00,-1.959999999999999964e+00
-8.552836491620607884e-01,-8.767251499856690833e-01,-9.044016736203975837e-01,4.159999999999930420e-01,-1.000000000000000000e+00,-1.000000000000000000e+00
0.000000000000000000e+00,0.000000000000000000e+00,0.000000000000000000e+00,0.000000000000000000e+00,0.000000000000000000e+00,0.000000000000000000e+00
-2.422253735341653780e+00,-2.418370662400004534e+00,-2.423521121456398308e+00,-2.422197273416192509e+00,-2.881600000000000161e+00,-2.881600000000000161e+00
-2.056789706967992792e+00,-1.870144000000002915e+00,-2.064527499655079090e+00,-2.067881331343881079e+00,-2.881600000000000161e+00,-2.881600000000000161e+00
-2.374080821021741894e+00,-2.363951104000004300e+00,-2.370781871664677798e+00,-2.373018626432723099e+00,-2.881600000000000161e+00,-2.881600000000000161e+00
-2.489717529926904316e+00,-2.489581769334987982e+00,-2.489420837847035273e+00,-2.489473469916128945e+00,-2.881600000000000161e+00,-2.881600000000000161e+00
0.000000000000000000e+00,0.000000000000000000e+00,0.000000000000000000e+00,0.000000000000000000e+00,0.000000000000000000e+00,0.000000000000000000e+00
-2.490078143229767615e+00,-2.489814220781315424e+00,-2.489420837847035273e+00,-2.489473469916128945e+00,-2.881600000000000161e+00,-2.881600000000000161e+00
-2.453529318037690476e+00,-2.451364444536997311e+00,-2.451022397439995615e+00,-2.452329510275241375e+00,-2.881600000000000161e+00,-2.881600000000000161e+00
-1.870144000000002915e+00,-2.133774869285269826e+00,-2.138078601875606388e+00,-2.132981495265145799e+00,-2.881600000000000161e+00,-2.881600000000000161e+00
-2.418370662400004534e+00,-2.441128689105170668e+00,-2.439143691485528009e+00,-2.439099309706936669e+00,-2.881600000000000161e+00,-2.881600000000000161e+00
0.000000000000000000e+00,0.000000000000000000e+00,0.000000000000000000e+00,0.000000000000000000e+00,0.000000000000000000e+00,0.000000000000000000e+00
-2.363951104000004300e+00,-2.400425793364219462e+00,-2.401559156091871650e+00,-2.400604340693915706e+00,-2.881600000000000161e+00,-2.881600000000000161e+00
-2.471801492687790258e+00,-2.471894743057652555e+00,-2.470613438464000389e+00,-2.470791825808952513e+00,-2.881600000000000161e+00,-2.881600000000000161e+00
-2.419595004440556973e+00,-2.419623651945784548e+00,-2.418370662400004534e+00,-2.422197273416192509e+00,-2.881600000000000161e+00,-2.881600000000000161e+00
-2.471781423548172985e+00,-2.471301615907897542e+00,-2.470613438464000389e+00,-2.470791825808952513e+00,-2.881600000000000161e+00,-2.881600000000000161e+00
0.000000000000000000e+00,0.000000000000000000e+00,0.000000000000000000e+00,0.000000000000000000e+00,0.000000000000000000e+00,0.000000000000000000e+00
-4.625169715456000086e-01,5.599999999999985434e+00,-4.744070799999999810e-01,-4.615682560000000101e-01,-1.000000000000000000e+00,-1.000000000000000000e+00
-1.947734315699838570e+00,-1.928142692568584060e+00,-1.450240000000003526e+00,-1.924951601748642771e+00,-1.959999999999999964e+00,-1.959999999999999964e+00
5.599999999999985434e+00,-5.525194981696001095e-01,-5.685295334963200720e-01,-5.431055257600000408e-01,-1.000000000000000000e+00,-1.000000000000000000e+00
-1.685570790848061939e+00,-1.655221764976986920e+00,-7.504000000000046189e-01,-1.669645964359125934e+00,-1.959999999999999964e+00,-1.959999999999999964e+00
0.000000000000000000e+00,0.000000000000000000e+00,0.000000000000000000e+00,0.000000000000000000e+00,0.000000000000000000e+00,0.000000000000000000e+00
-2.453191826662020958e+00,-2.451022397439998279e+00,-2.452338492439401829e+00,-2.451022397439998279e+00,-2.881600000000000161e+00,-2.881600000000000161e+00
-2.195662525602872339e+00,-2.122086400000003259e+00,-2.184729560528617220e+00,-2.180217955393618734e+00,-2.881600000000000161e+00,-2.881600000000000161e+00
-2.419633065919382986e+00,-2.418370662399998317e+00,-2.422799694168363160e+00,-2.418370708108814604e+00,-2.881600000000000161e+00,-2.881600000000000161e+00
-2.482476661161354237e+00,-2.483473404425441178e+00,-2.482368063078395970e+00,-2.483306963297119196e+00,-2.881600000000000161e+00,-2.881600000000000161e+00
0.000000000000000000e+00,0.000000000000000000e+00,0.000000000000000000e+00,0.000000000000000000e+00,0.000000000000000000e+00,0.000000000000000000e+00
-2.482493179316773713e+00,-2.483496056194685941e+00,-2.482368063078395970e+00,-2.482468302359617685e+00,-2.881600000000000161e+00,-2.881600000000000161e+00
-2.419456015411635796e+00,-2.422157949671159827e+00,-2.418370662399996540e+00,-2.420806787216279954e+00,-2.881600000000000161e+00,-2.881600000000000161e+00
-2.261833256851537133e+00,-2.255276163228126851e+00,-2.262868238303337165e+00,-2.122086400000003259e+00,-2.881600000000000161e+00,-2.881600000000000161e+00
-2.461667189905718978e+00,-2.460914849277115124e+00,-2.462228853246700933e+00,-2.451022397440004497e+00,-2.881600000000000161e+00,-2.881600000000000161e+00
0.000000000000000000e+00,0.000000000000000000e+00,0.000000000000000000e+00,0.000000000000000000e+00,0.000000000000000000e+00,0.000000000000000000e+00
-2.436713310474598604e+00,-2.435398648629599538e+00,-2.434602494737991840e+00,-2.418370662400004534e+00,-2.881600000000000161e+00,-2.881600000000000161e+00
-2.452541124584200372e+00,-2.452686620546397300e+00,-2.451022397440004497e+00,-2.454325275871735990e+00,-2.881600000000000161e+00,-2.881600000000000161e+00
-2.381599642411903694e+00,-2.382375818203234186e+00,-2.363951104000004300e+00,-2.381520545139684142e+00,-2.881600000000000161e+00,-2.881600000000000161e+00
-2.453771872439099777e+00,-2.455397761032791060e+00,-2.451022397440004497e+00,-2.453926400490843651e+00,-2.881600000000000161e+00,-2.881600000000000161e+00
0.000000000000000000e+00,0.000000000000000000e+00,0.000000000000000000e+00,0.000000000000000000e+00,0.000000000000000000e+00,0.000000000000000000e+00
-7.780066837381831579e-01,-7.296695001055002461e-01,-7.621370255812267569e-01,2.359999999999988773e+00,-1.000000000000000000e+00,-1.000000000000000000e+00
-1.655253879696644281e+00,-1.638365709882628085e+00,-7.504000000000046189e-01,-1.653942714543806147e+00,-1.959999999999999964e+00,-1.959999999999999964e+00
-9.766773182879519011e-01,-9.551311029840314770e-01,-9.623859533726165649e-01,2.359999999999988773e+00,-1.000000000000000000e+00,-1.000000000000000000e+00
-1.363684762178741128e+00,-1.351967494372245504e+00,4.159999999999930420e-01,-1.351226908392687776e+00,-1.959999999999999964e+00,-1.959999999999999964e+00
0.000000000000000000e+00,0.000000000000000000e+00,0.000000000000000000e+00,0.000000000000000000e+00,0.000000000000000000e+00,0.000000000000000000e+00
-2.470808443652488418e+00,-2.470704425620769751e+00,-2.472244873718854485e+00,-2.470613438463996836e+00,-2.881600000000000161e+00,-2.881600000000000161e+00
-2.300961607552682864e+00,-2.302552489027821281e+00,-2.299490227603462333e+00,-2.273251840000003909e+00,-2.881600000000000161e+00,-2.881600000000000161e+00
-2.451203855018868616e+00,-2.453202192680749683e+00,-2.452130846659150265e+00,-2.451022397439997391e+00,-2.881600000000000161e+00,-2.881600000000000161e+00
-2.472317005330715300e+00,-2.470613438463996836e+00,-2.470613438463996836e+00,-2.471272720888076702e+00,-2.881600000000000161e+00,-2.881600000000000161e+00
0.000000000000000000e+00,0.000000000000000000e+00,0.000000000000000000e+00,0.000000000000000000e+00,0.000000000000000000e+00,0.000000000000000000e+00
-2.472376285079207925e+00,-2.470613438463996836e+00,-2.470613438463996836e+00,-2.470639015915240488e+00,-2.881600000000000161e+00,-2.881600000000000161e+00
-2.372118585717239103e+00,-2.363951103999998082e+00,-2.363951103999998082e+00,-2.366775177173538136e+00,-2.881600000000000161e+00,-2.881600000000000161e+00
-2.336630189782693989e+00,-2.338585791025049598e+00,-2.336789988258606954e+00,-2.273251840000003909e+00,-2.881600000000000161e+00,-2.881600000000000161e+00
-2.475424232888913334e+00,-2.475549364437908295e+00,-2.475607230489995203e+00,-2.470613438464004830e+00,-2.881600000000000161e+00,-2.881600000000000161e+00
0.000000000000000000e+00,0.000000000000000000e+00,0.000000000000000000e+00,0.000000000000000000e+00,0.000000000000000000e+00,0.000000000000000000e+00
-2.458605151965903346e+00,-2.458581906172548681e+00,-2.457630634242973677e+00,-2.451022397440004497e+00,-2.881600000000000161e+00,-2.881600000000000161e+00
-2.426208102043084125e+00,-2.426170535360135716e+00,-2.418370662400004534e+00,-2.424463947808833009e+00,-2.881600000000000161e+00,-2.881600000000000161e+00
-2.320067052994326140e+00,-2.317838438351555119e+00,-2.273251840000003909e+00,-2.324510145523960958e+00,-2.881600000000000161e+00,-2.881600000000000161e+00
-2.428755032855101526e+00,-2.427768804308922501e+00,-2.418370662400004534e+00,-2.428756569804391141e+00,-2.881600000000000161e+00,-2.881600000000000161e+00
0.000000000000000000e+00,0.000000000000000000e+00,0.000000000000000000e+00,0.000000000000000000e+00,0.000000000000000000e+00,0.000000000000000000e+00
-1.224023208587960099e+00,-1.251723667260634221e+00,-1.248704083230933071e+00,4.159999999999930420e-01,-1.959999999999999964e+00,-1.959999999999999964e+00
-1.204405522404957907e+00,4.159999999999930420e-01,-1.187503591938144698e+00,-1.250480737202185333e+00,-1.959999999999999964e+00,-1.959999999999999964e+00
-1.370612925880863697e+00,-1.343338282712326359e+00,-1.385462160304516077e+00,4.159999999999930420e-01,-1.959999999999999964e+00,-1.959999999999999964e+00
-9.225115838290860459e-01,-9.177445962879625663e-01,2.359999999999988773e+00,-9.145251765256902088e-01,-1.000000000000000000e+00,-1.000000000000000000e+00
0.000000000000000000e+00,0.000000000000000000e+00,0.000000000000000000e+00,0.000000000000000000e+00,0.000000000000000000e+00,0.000000000000000000e+00
-2.482801737609760639e+00,-2.482874139314005912e+00,-2.483058223737775183e+00,-2.482368063078395970e+00,-2.881600000000000161e+00,-2.881600000000000161e+00
-2.373129263513880538e+00,-2.371111230053140062e+00,-2.368485358249990291e+00,-2.363951104000004300e+00,-2.881600000000000161e+00,-2.881600000000000161e+00
-2.471679548587967457e+00,-2.471492438746509368e+00,-2.470693549398236488e+00,-2.470613438463996836e+00,-2.881600000000000161e+00,-2.881600000000000161e+00
-2.451204910254720204e+00,-2.451022397439998279e+00,-2.451022397439998279e+00,-2.452812589833527124e+00,-2.881600000000000161e+00,-2.881600000000000161e+00
0.000000000000000000e+00,0.000000000000000000e+00,0.000000000000000000e+00,0.000000000000000000e+00,0.000000000000000000e+00,0.000000000000000000e+00
-2.451253316912086255e+00,-2.451022397439998279e+00,-2.451022397439998279e+00,-2.451263036542230100e+00,-2.881600000000000161e+00,-2.881600000000000161e+00
-2.283730442857573539e+00,-2.273251840000000357e+00,-2.273251840000000357e+00,-2.278335014421520199e+00,-2.881600000000000161e+00,-2.881600000000000161e+00
-2.391765571921009137e+00,-2.391850048480839153e+00,-2.393766593090028483e+00,-2.363951104000004300e+00,-2.881600000000000161e+00,-2.881600000000000161e+00
-2.483819639172641480e+00,-2.483924267664525232e+00,-2.484329151696903715e+00,-2.482368063078404852e+00,-2.881600000000000161e+00,-2.881600000000000161e+00
0.000000000000000000e+00,0.000000000000000000e+00,0.000000000000000000e+00,0.000000000000000000e+00,0.000000000000000000e+00,0.000000000000000000e+00
-2.472412399051746146e+00,-2.471969561732170195e+00,-2.473227460659717991e+00,-2.470613438464004830e+00,-2.881600000000000161e+00,-2.881600000000000161e+00
-2.363951104000004300e+00,-2.385442498093027552e+00,-2.381723093254743073e+00,-2.381218998582613988e+00,-2.881600000000000161e+00,-2.881600000000000161e+00
-2.122086400000003259e+00,-2.223812496167369979e+00,-2.227195548784143941e+00,-2.224618365284766863e+00,-2.881600000000000161e+00,-2.881600000000000161e+00
-2.363951104000004300e+00,-2.388195113759793209e+00,-2.389012563138335654e+00,-2.390389662993859243e+00,-2.881600000000000161e+00,-2.881600000000000161e+00
0.000000000000000000e+00,0.000000000000000000e+00,0.000000000000000000e+00,0.000000000000000000e+00,0.000000000000000000e+00,0.000000000000000000e+00
-1.618315934718003835e+00,-1.584137739075883511e+00,-1.602367986240706754e+00,-7.504000000000046189e-01,-1.959999999999999964e+00,-1.959999999999999964e+00
-7.669256536723147999e-01,2.359999999999988773e+00,-6.944166170119278059e-01,-7.741998730066733669e-01,-1.000000000000000000e+00,-1.000000000000000000e+00
-1.694319408396991467e+00,-1.666116386378223124e+00,-1.685811019468360428e+00,-7.504000000000046189e-01,-1.959999999999999964e+00,-1.959999999999999964e+00
5.599999999999985434e+00,-4.619042569600000370e-01,-4.648827759999999976e-01,-4.919757449056000320e-01,-1.000000000000000000e+00,-1.000000000000000000e+00
0.000000000000000000e+00,0.000000000000000000e+00,0.000000000000000000e+00,0.000000000000000000e+00,0.000000000000000000e+00,0.000000000000000000e+00
-2.489873321638747861e+00,-2.489639376055146958e+00,-2.489473469916128945e+00,-2.489420837847035273e+00,-2.881600000000000161e+00,-2.881600000000000161e+00
-2.422785383509615809e+00,-2.419197133284076262e+00,-2.418955493141867308e+00,-2.418370662400000981e+00,-2.881600000000000161e+00,-2.881600000000000161e+00
-2.482621053708530923e+00,-2.482987836881983768e+00,-2.482819712012182656e+00,-2.482368063078395970e+00,-2.881600000000000161e+00,-2.881600000000000161e+00
-2.419537856493541472e+00,-2.418370662400000981e+00,-2.418955493141867308e+00,-2.423562614640397239e+00,-2.881600000000000161e+00,-2.881600000000000161e+00
0.000000000000000000e+00,0.000000000000000000e+00,0.000000000000000000e+00,0.000000000000000000e+00,0.000000000000000000e+00,0.000000000000000000e+00
-2.418890482549105769e+00,-2.418370662400000981e+00,-2.418955493141867308e+00,-2.420773420085008176e+00,-2.881600000000000161e+00,-2.881600000000000161e+00
-2.155961928348657075e+00,-2.122086400000003259e+00,-2.161755746036358339e+00,-2.169116729926859222e+00,-2.881600000000000161e+00,-2.881600000000000161e+00
-2.423117273027684870e+00,-2.421166931269911338e+00,-2.422197273416192509e+00,-2.418370662400004534e+00,-2.881600000000000161e+00,-2.881600000000000161e+00
-2.490017162350225632e+00,-2.489711401646892419e+00,-2.489473469916128945e+00,-2.489420837847040602e+00,-2.881600000000000161e+00,-2.881600000000000161e+00
0.000000000000000000e+00,0.000000000000000000e+00,0.000000000000000000e+00,0.000000000000000000e+00,0.000000000000000000e+00,0.000000000000000000e+00
-2.482799571269803440e+00,-2.483236263199971372e+00,-2.482819712012182656e+00,-2.482368063078401299e+00,-2.881600000000000161e+00,-2.881600000000000161e+00
-2.418370662399993876e+00,-2.421727210167458733e+00,-2.418955493141867308e+00,-2.418370662399993432e+00,-2.881600000000000161e+00,-2.881600000000000161e+00
-2.273251840000000357e+00,-2.283531517105960695e+00,-2.275124181028373549e+00,-2.273251840000000357e+00,-2.881600000000000161e+00,-2.881600000000000161e+00
-2.418370662399997428e+00,-2.421172767404763171e+00,-2.418955493141867308e+00,-2.418370662399997428e+00,-2.881600000000000161e+00,-2.881600000000000161e+00
0.000000000000000000e+00,0.000000000000000000e+00,0.000000000000000000e+00,0.000000000000000000e+00,0.000000000000000000e+00,0.000000000000000000e+00
-1.771399398082929677e+00,-1.799366429672328405e+00,-1.794741656246306327e+00,-1.691365296659770756e+00,-1.959999999999999964e+00,-1.959999999999999964e+00
-3.764664159999999704e-01,3.139953729201560240e+00,-3.766336000000000128e-01,-3.872724515272960022e-01,-1.000000000000000000e+00,-1.000000000000000000e+00
-1.831669563699673375e+00,-1.850786973380192046e+00,-1.850033910396595926e+00,-1.727556323659882542e+00,-1.959999999999999964e+00,-1.959999999999999964e+00
-5.089552000000000520e-01,-5.610388865764249777e-01,-5.431055257600000408e-01,-5.529043443964093418e-02,-1.000000000000000000e+00,-1.000000000000000000e+00
0.000000000000000000e+00,0.000000000000000000e+00,0.000000000000000000e+00,0.000000000000000000e+00,0.000000000000000000e+00,0.000000000000000000e+00
-2.451100945192442815e+00,-2.451022397440000944e+00,-2.452329510275241375e+00,-2.452329510275241375e+00,-2.881600000000000161e+00,-2.881600000000000161e+00
-2.171028320982105964e+00,-2.122086400000003259e+00,-2.161755746036358339e+00,-2.161755746036358339e+00,-2.881600000000000161e+00,-2.881600000000000161e+00
-2.421288291407529325e+00,-2.418370662400000981e+00,-2.418955493141867308e+00,-2.418955493141867308e+00,-2.881600000000000161e+00,-2.881600000000000161e+00
-2.493658634816974917e+00,-2.493652502708219032e+00,-2.493808280614515649e+00,-2.493808280614515649e+00,-2.881600000000000161e+00,-2.881600000000000161e+00
0.000000000000000000e+00,0.000000000000000000e+00,0.000000000000000000e+00,0.000000000000000000e+00,0.000000000000000000e+00,0.000000000000000000e+00
-2.493878206376132667e+00,-2.493652502708219032e+00,-2.493808280614515649e+00,-2.493808280614515649e+00,-2.881600000000000161e+00,-2.881600000000000161e+00
-2.471189371339905794e+00,-2.470613438463995060e+00,-2.470791825808952513e+00,-2.470791825808952513e+00,-2.881600000000000161e+00,-2.881600000000000161e+00
-1.450240000000003526e+00,-1.948535133431859689e+00,-1.947953537678697167e+00,-1.947953537678697167e+00,-1.959999999999999964e+00,-1.959999999999999964e+00
-2.363951104000004300e+00,-2.401124584263318429e+00,-2.404580167066159291e+00,-2.404580167066159291e+00,-2.881600000000000161e+00,-2.881600000000000161e+00
0.000000000000000000e+00,0.000000000000000000e+00,0.000000000000000000e+00,0.000000000000000000e+00,0.000000000000000000e+00,0.000000000000000000e+00
-2.273251840000003909e+00,-2.340059088542969512e+00,-2.344265850523276740e+00,-2.344265850523276740e+00,-2.881600000000000161e+00,-2.881600000000000161e+00
-2.482510196664577506e+00,-2.482368063078398635e+00,-2.482819712012182656e+00,-2.482819712012182656e+00,-2.881600000000000161e+00,-2.881600000000000161e+00
-2.453204780570934940e+00,-2.451022397440000944e+00,-2.452329510275241375e+00,-2.452329510275241375e+00,-2.881600000000000161e+00,-2.881600000000000161e+00
-2.482859953373492523e+00,-2.482368063078398635e+00,-2.482819712012182656e+00,-2.482819712012182656e+00,-2.881600000000000161e+00,-2.881600000000000161e+00
0.000000000000000000e+00,0.000000000000000000e+00,0.000000000000000000e+00,0.000000000000000000e+00,0.000000000000000000e+00,0.000000000000000000e+00
-8.879462939887178274e-01,2.359999999999988773e+00,-8.379184100212474506e-01,-8.379184100212474506e-01,-1.000000000000000000e+00,-1.000000000000000000e+00
-2.126190438674036010e+00,-1.870144000000002915e+00,-2.132981495265145799e+00,-2.132981495265145799e+00,-2.881600000000000161e+00,-2.881600000000000161e+00
1.099999999999998224e+01,-2.017599999999999949e-01,-1.960000000000000075e-01,-1.960000000000000075e-01,-1.000000000000000000e+00,-1.000000000000000000e+00
-1.915960391034487786e+00,-1.450240000000003526e+00,-1.924951601748642771e+00,-1.924951601748642771e+00,-1.959999999999999964e+00,-1.959999999999999964e+00
0.000000000000000000e+00,0.000000000000000000e+00,0.000000000000000000e+00,0.000000000000000000e+00,0.000000000000000000e+00,0.000000000000000000e+00
-2.471239620587272423e+00,-2.470613438463996836e+00,-2.472191902747391090e+00,-2.470791825808952513e+00,-2.881600000000000161e+00,-2.881600000000000161e+00
-2.282049007877932301e+00,-2.273251840000000357e+00,-2.282549205202399012e+00,-2.275124181028373549e+00,-2.881600000000000161e+00,-2.881600000000000161e+00
-2.453791791687320423e+00,-2.451022397439997391e+00,-2.452259910002423826e+00,-2.452329510275241375e+00,-2.881600000000000161e+00,-2.881600000000000161e+00
-2.490051293309369029e+00,-2.489420837846769263e+00,-2.489420837846755941e+00,-2.489473469916128945e+00,-2.881600000000000161e+00,-2.881600000000000161e+00
0.000000000000000000e+00,0.000000000000000000e+00,0.000000000000000000e+00,0.000000000000000000e+00,0.000000000000000000e+00,0.000000000000000000e+00
-2.490054351829517287e+00,-2.489420837847003298e+00,-2.489420837847003742e+00,-2.489473469916128945e+00,-2.881600000000000161e+00,-2.881600000000000161e+00
-2.452793373870031601e+00,-2.451022397439064804e+00,-2.451022397439138967e+00,-2.452329510275241375e+00,-2.881600000000000161e+00,-2.881600000000000161e+00
-2.315801819630210368e+00,-2.273251840000003909e+00,-2.312192681857042853e+00,-2.316642396860095321e+00,-2.881600000000000161e+00,-2.881600000000000161e+00
-2.472746284482553847e+00,-2.470613438464004830e+00,-2.472055636024419911e+00,-2.471960152776594200e+00,-2.881600000000000161e+00,-2.881600000000000161e+00
0.000000000000000000e+00,0.000000000000000000e+00,0.000000000000000000e+00,0.000000000000000000e+00,0.000000000000000000e+00,0.000000000000000000e+00
-2.455043517861573932e+00,-2.451022397440004497e+00,-2.456771690992347157e+00,-2.456066876669662502e+00,-2.881600000000000161e+00,-2.881600000000000161e+00
-2.470859043646052022e+00,-2.470613438463917788e+00,-2.470613438463922673e+00,-2.470791825808952513e+00,-2.881600000000000161e+00,-2.881600000000000161e+00
-2.419552885425725108e+00,-2.418370662399698556e+00,-2.418370662399668358e+00,-2.418955493141867308e+00,-2.881600000000000161e+00,-2.881600000000000161e+00
-2.472255421084005977e+00,-2.470613438463954203e+00,-2.470613438463950207e+00,-2.470791825808952513e+00,-2.881600000000000161e+00,-2.881600000000000161e+00
0.000000000000000000e+00,0.000000000000000000e+00,0.000000000000000000e+00,0.000000000000000000e+00,0.000000000000000000e+00,0.000000000000000000e+00
-9.671317214164159015e-01,-9.750427198344230328e-01,-1.010017614617559012e+00,-9.682256066755816626e-01,-1.000000000000000000e+00,-1.000000000000000000e+00
-1.521364442208431367e+00,-1.552913739096277279e+00,-1.521675223008028599e+00,-1.522361336648170749e+00,-1.959999999999999964e+00,-1.959999999999999964e+00
-1.144439305635114534e+00,-1.152434196838364455e+00,-1.112337617143036805e+00,-1.144784050347727344e+00,-1.959999999999999964e+00,-1.959999999999999964e+00
-1.261259615313798044e+00,-1.233878556368437129e+00,-1.257497730803295743e+00,-1.251032980800465433e+00,-1.959999999999999964e+00,-1.959999999999999964e+00
0.000000000000000000e+00,0.000000000000000000e+00,0.000000000000000000e+00,0.000000000000000000e+00,0.000000000000000000e+00,0.000000000000000000e+00
-2.483184140510444671e+00,-2.482368063078342235e+00,-2.482819712012182656e+00,-2.482368063078336906e+00,-2.881600000000000161e+00,-2.881600000000000161e+00
-2.369415537868386323e+00,-2.363951103999708536e+00,-2.367727735867419803e+00,-2.363951103999710313e+00,-2.881600000000000161e+00,-2.881600000000000161e+00
-2.471599612261984547e+00,-2.470613438463951539e+00,-2.470791825808952513e+00,-2.470613438463955536e+00,-2.881600000000000161e+00,-2.881600000000000161e+00
-2.482482888096587459e+00,-2.482368063078395970e+00,-2.482819712012182656e+00,-2.482380441731098841e+00,-2.881600000000000161e+00,-2.881600000000000161e+00
0.000000000000000000e+00,0.000000000000000000e+00,0.000000000000000000e+00,0.000000000000000000e+00,0.000000000000000000e+00,0.000000000000000000e+00
-2.482852979868337417e+00,-2.482368063078395970e+00,-2.482819712012182656e+00,-2.482987267038985646e+00,-2.881600000000000161e+00,-2.881600000000000161e+00
-2.422795115176950009e+00,-2.418370662399996540e+00,-2.418955493141867308e+00,-2.421802333129127405e+00,-2.881600000000000161e+00,-2.881600000000000161e+00
-2.364024915194091303e+00,-2.363951103999621051e+00,-2.367727735867419803e+00,-2.363951103999593961e+00,-2.881600000000000161e+00,-2.881600000000000161e+00
-2.483244962224473440e+00,-2.482368063078380427e+00,-2.482819712012182656e+00,-2.482368063078379983e+00,-2.881600000000000161e+00,-2.881600000000000161e+00
0.000000000000000000e+00,0.000000000000000000e+00,0.000000000000000000e+00,0.000000000000000000e+00,0.000000000000000000e+00,0.000000000000000000e+00
-2.470762783301773791e+00,-2.470613438463982625e+00,-2.470791825808952513e+00,-2.470613438463983069e+00,-2.881600000000000161e+00,-2.881600000000000161e+00
-2.453971313829007350e+00,-2.451022397440000944e+00,-2.452329510275241375e+00,-2.451436916357961682e+00,-2.881600000000000161e+00,-2.881600000000000161e+00
-2.368141384141924100e+00,-2.363951104000004300e+00,-2.367727735867419803e+00,-2.370521569186007760e+00,-2.881600000000000161e+00,-2.881600000000000161e+00
-2.453270602084305363e+00,-2.451022397440004497e+00,-2.452329510275241375e+00,-2.451624384652910660e+00,-2.881600000000000161e+00,-2.881600000000000161e+00
0.000000000000000000e+00,0.000000000000000000e+00,0.000000000000000000e+00,0.000000000000000000e+00,0.000000000000000000e+00,0.000000000000000000e+00
-1.105950140115123270e+00,-1.125940573980120041e+00,-1.088316719112216058e+00,-1.109231931590576092e+00,-1.959999999999999964e+00,-1.959999999999999964e+00
-1.408558770622025946e+00,-1.412348480082324720e+00,-1.394993915301480536e+00,-1.409984997981391430e+00,-1.959999999999999964e+00,-1.959999999999999964e+00
-1.264253623880969624e+00,-1.277563184656357764e+00,-1.251032980800465433e+00,-1.224223670911936068e+00,-1.959999999999999964e+00,-1.959999999999999964e+00
-1.149292822219408094e+00,-1.126239531072052769e+00,-1.144784050347727344e+00,-1.121035487140849218e+00,-1.959999999999999964e+00,-1.959999999999999964e+00
0.000000000000000000e+00,0.000000000000000000e+00,0.000000000000000000e+00,0.000000000000000000e+00,0.000000000000000000e+00,0.000000000000000000e+00
-2.489566427177537289e+00,-2.489420837847035273e+00,-2.489791844398379972e+00,-2.489473469916128945e+00,-2.881600000000000161e+00,-2.881600000000000161e+00
-2.421125776008622221e+00,-2.418370662400000981e+00,-2.422089521800826706e+00,-2.418955493141867308e+00,-2.881600000000000161e+00,-2.881600000000000161e+00
-2.482592169472839227e+00,-2.482368063078395970e+00,-2.482844915231026128e+00,-2.482819712012182656e+00,-2.881600000000000161e+00,-2.881600000000000161e+00
-2.470762097473754526e+00,-2.470613438463946210e+00,-2.470613438463943101e+00,-2.470791825808952513e+00,-2.881600000000000161e+00,-2.881600000000000161e+00
0.000000000000000000e+00,0.000000000000000000e+00,0.000000000000000000e+00,0.000000000000000000e+00,0.000000000000000000e+00,0.000000000000000000e+00
-2.471278465092194399e+00,-2.470613438462814226e+00,-2.470613438462780032e+00,-2.470791825808952513e+00,-2.881600000000000161e+00,-2.881600000000000161e+00
-2.367817051144262663e+00,-2.363951103999985648e+00,-2.363951103999985648e+00,-2.367727735867419803e+00,-2.881600000000000161e+00,-2.881600000000000161e+00
-2.422343978726270386e+00,-2.418370662400004534e+00,-2.423921449356785995e+00,-2.422197273416192509e+00,-2.881600000000000161e+00,-2.881600000000000161e+00
-2.489623876514520440e+00,-2.489420837847040602e+00,-2.489483442756558418e+00,-2.489473469916128945e+00,-2.881600000000000161e+00,-2.881600000000000161e+00
0.000000000000000000e+00,0.000000000000000000e+00,0.000000000000000000e+00,0.000000000000000000e+00,0.000000000000000000e+00,0.000000000000000000e+00
-2.483121966317318297e+00,-2.482368063078401299e+00,-2.483064412189377457e+00,-2.482819712012182656e+00,-2.881600000000000161e+00,-2.881600000000000161e+00
-2.273251840000003909e+00,-2.319215358464270516e+00,-2.318289993989602671e+00,-2.316642396860095321e+00,-2.881600000000000161e+00,-2.881600000000000161e+00
-1.870144000000002915e+00,-2.074634612495409147e+00,-2.086594449469985957e+00,-2.085166078090125996e+00,-2.881600000000000161e+00,-2.881600000000000161e+00
-2.273251840000003909e+00,-2.325676043702201490e+00,-2.325401690857288095e+00,-2.323976700985691757e+00,-2.881600000000000161e+00,-2.881600000000000161e+00
0.000000000000000000e+00,0.000000000000000000e+00,0.000000000000000000e+00,0.000000000000000000e+00,0.000000000000000000e+00,0.000000000000000000e+00
-1.876882522753366533e+00,-1.450240000000003526e+00,-1.870092495910564034e+00,-1.850033910396595926e+00,-1.959999999999999964e+00,-1.959999999999999964e+00
-1.027145291305070929e+00,4.159999999999930420e-01,-9.988892530752376819e-01,-1.029496582408558458e+00,-1.000000000000000000e+00,-1.000000000000000000e+00
-1.892847890163736224e+00,-1.450240000000003526e+00,-1.904929069582157020e+00,-1.900991251821502859e+00,-1.959999999999999964e+00,-1.959999999999999964e+00
1.099999999999998224e+01,-1.960000000000000075e-01,-2.013999999999999957e-01,-1.960000000000000075e-01,-1.000000000000000000e+00,-1.000000000000000000e+00
0.000000000000000000e+00,0.000000000000000000e+00,0.000000000000000000e+00,0.000000000000000000e+00,0.000000000000000000e+00,0.000000000000000000e+00
-2.493782735740182943e+00,-2.493652502708190610e+00,-2.493808280614515649e+00,-2.493652502708187058e+00,-2.881600000000000161e+00,-2.881600000000000161e+00
-2.451076662001907103e+00,-2.451022397439838851e+00,-2.452329510275241375e+00,-2.451022397439841516e+00,-2.881600000000000161e+00,-2.881600000000000161e+00
-2.490013151905657196e+00,-2.489420837846999746e+00,-2.489473469916128945e+00,-2.489420837846996193e+00,-2.881600000000000161e+00,-2.881600000000000161e+00
-2.453726077833892738e+00,-2.451022397439998279e+00,-2.452329510275241375e+00,-2.452342849621806486e+00,-2.881600000000000161e+00,-2.881600000000000161e+00
0.000000000000000000e+00,0.000000000000000000e+00,0.000000000000000000e+00,0.000000000000000000e+00,0.000000000000000000e+00,0.000000000000000000e+00
-2.451581460596484519e+00,-2.451022397439998279e+00,-2.452329510275241375e+00,-2.452618027552377455e+00,-2.881600000000000161e+00,-2.881600000000000161e+00
-2.275316975482790660e+00,-2.273251840000000357e+00,-2.275124181028373549e+00,-2.275664646512488787e+00,-2.881600000000000161e+00,-2.881600000000000161e+00
-2.451568397291153278e+00,-2.451022397439945433e+00,-2.452329510275241375e+00,-2.451022397439940548e+00,-2.881600000000000161e+00,-2.881600000000000161e+00
-2.493868831216360604e+00,-2.493652502708211927e+00,-2.493808280614515649e+00,-2.493652502708212815e+00,-2.881600000000000161e+00,-2.881600000000000161e+00
0.000000000000000000e+00,0.000000000000000000e+00,0.000000000000000000e+00,0.000000000000000000e+00,0.000000000000000000e+00,0.000000000000000000e+00
-2.489645643336524383e+00,-2.489420837847000634e+00,-2.489473469916128945e+00,-2.489420837846999746e+00,-2.881600000000000161e+00,-2.881600000000000161e+00
-2.363951104000000747e+00,-2.364579437788417060e+00,-2.367727735867419803e+00,-2.363951104000000747e+00,-2.881600000000000161e+00,-2.881600000000000161e+00
-2.147644511567115444e+00,-2.164194101688223348e+00,-2.147662235454539825e+00,-2.122086400000003259e+00,-2.881600000000000161e+00,-2.881600000000000161e+00
-2.363951278571246650e+00,-2.367764685288229476e+00,-2.367727735867419803e+00,-2.363951104000000747e+00,-2.881600000000000161e+00,-2.881600000000000161e+00
0.000000000000000000e+00,0.000000000000000000e+00,0.000000000000000000e+00,0.000000000000000000e+00,0.000000000000000000e+00,0.000000000000000000e+00
-1.882137873695578500e+00,-1.880913055509607190e+00,-1.900991251821502859e+00,-1.897894245570449945e+00,-1.959999999999999964e+00,-1.959999999999999964e+00
-7.103640322576624255e-01,1.203658341528256182e-02,-6.965260525404161074e-01,-7.129782851474221195e-01,-1.000000000000000000e+00,-1.000000000000000000e+00
-1.944877170713157799e+00,-1.931675252991417180e+00,-1.924951601748642771e+00,-1.924775797765847507e+00,-1.959999999999999964e+00,-1.959999999999999964e+00
-2.770000000000000240e-01,-2.936680000000000401e-01,-2.881600000000000272e-01,-1.130656271077780106e-01,-1.000000000000000000e+00,-1.000000000000000000e+00
0.000000000000000000e+00,0.000000000000000000e+00,0.000000000000000000e+00,0.000000000000000000e+00,0.000000000000000000e+00,0.000000000000000000e+00
-2.470791825808952513e+00,-2.470613438463998612e+00,-2.470791825808952513e+00,-2.470791825808952513e+00,-2.881600000000000161e+00,-2.881600000000000161e+00
-2.275124181028373549e+00,-2.273251840000003909e+00,-2.275124181028373549e+00,-2.275124181028373549e+00,-2.881600000000000161e+00,-2.881600000000000161e+00
-2.452329510275241375e+00,-2.451022397439998279e+00,-2.452329510275241375e+00,-2.452329510275241375e+00,-2.881600000000000161e+00,-2.881600000000000161e+00
-2.496206273117866026e+00,-2.496191501624929643e+00,-2.496206273117866026e+00,-2.496206273117866026e+00,-2.881600000000000161e+00,-2.881600000000000161e+00
0.000000000000000000e+00,0.000000000000000000e+00,0.000000000000000000e+00,0.000000000000000000e+00,0.000000000000000000e+00,0.000000000000000000e+00
-2.496206273117866026e+00,-2.496191501624929643e+00,-2.496206273117866026e+00,-2.496206273117866026e+00,-2.881600000000000161e+00,-2.881600000000000161e+00
-2.482819712012182656e+00,-2.482368063078395082e+00,-2.482819712012182656e+00,-2.482819712012182656e+00,-2.881600000000000161e+00,-2.881600000000000161e+00
-1.669645964359125934e+00,-1.659155180180527545e+00,-1.669645964359125934e+00,-1.669645964359125934e+00,-7.504000000000046189e-01,-1.959999999999999964e+00
-2.344265850523276740e+00,-2.345644754888769334e+00,-2.344265850523276740e+00,-2.344265850523276740e+00,-2.273251840000003909e+00,-2.881600000000000161e+00
0.000000000000000000e+00,0.000000000000000000e+00,0.000000000000000000e+00,0.000000000000000000e+00,0.000000000000000000e+00,0.000000000000000000e+00
-2.245827208374445938e+00,-2.253616576339160016e+00,-2.245827208374445938e+00,-2.245827208374445938e+00,-2.122086400000003259e+00,-2.881600000000000161e+00
-2.489473469916128945e+00,-2.489420837847037049e+00,-2.489473469916128945e+00,-2.489473469916128945e+00,-2.881600000000000161e+00,-2.881600000000000161e+00
-2.470791825808952513e+00,-2.470613438463997280e+00,-2.470791825808952513e+00,-2.470791825808952513e+00,-2.881600000000000161e+00,-2.881600000000000161e+00
-2.489473469916128945e+00,-2.489420837847037049e+00,-2.489473469916128945e+00,-2.489473469916128945e+00,-2.881600000000000161e+00,-2.881600000000000161e+00
0.000000000000000000e+00,0.000000000000000000e+00,0.000000000000000000e+00,0.000000000000000000e+00,0.000000000000000000e+00,0.000000000000000000e+00
-1.300991661568446922e+00,4.159999999999930420e-01,-1.300991661568446922e+00,-1.300991661568446922e+00,-1.959999999999999964e+00,-1.296006597813192052e+00
-2.255994120039467976e+00,-2.122086400000003259e+00,-2.255994120039467976e+00,-2.255994120039467976e+00,-2.881600000000000161e+00,-2.262293649596797795e+00
-1.000000000000000056e-01,-1.000000000000000056e-01,-1.000000000000000056e-01,-1.000000000000000056e-01,-1.000000000000000000e+00,1.999999999999998579e+01
-2.117689057567860189e+00,-1.870144000000002915e+00,-2.117689057567860189e+00,-2.117689057567860189e+00,-2.881600000000000161e+00,-2.106628540922597548e+00
0.000000000000000000e+00,0.000000000000000000e+00,0.000000000000000000e+00,0.000000000000000000e+00,0.000000000000000000e+00,0.000000000000000000e+00
-2.482819712012182656e+00,-2.482368063078395970e+00,-2.482861273164265636e+00,-2.482819712012182656e+00,-2.881600000000000161e+00,-2.881600000000000161e+00
-2.367727735867419803e+00,-2.363951103999998082e+00,-2.364410033551318957e+00,-2.367727735867419803e+00,-2.881600000000000161e+00,-2.881600000000000161e+00
-2.470791825808952513e+00,-2.470613438463996836e+00,-2.471440517693583416e+00,-2.470791825808952513e+00,-2.881600000000000161e+00,-2.881600000000000161e+00
-2.493808280614515649e+00,-2.493652500433884533e+00,-2.493652500385902471e+00,-2.493808280614515649e+00,-2.881600000000000161e+00,-2.881600000000000161e+00
0.000000000000000000e+00,0.000000000000000000e+00,0.000000000000000000e+00,0.000000000000000000e+00,0.000000000000000000e+00,0.000000000000000000e+00
-2.493808280614515649e+00,-2.493652502467522680e+00,-2.493652502450598885e+00,-2.493808280614515649e+00,-2.881600000000000161e+00,-2.881600000000000161e+00
-2.470791825808952513e+00,-2.470613432178264013e+00,-2.470613432421534750e+00,-2.470791825808952513e+00,-2.881600000000000161e+00,-2.881600000000000161e+00
-2.367727735867419803e+00,-2.363951104000004300e+00,-2.365218949944311699e+00,-2.367727735867419803e+00,-2.881600000000000161e+00,-2.881600000000000161e+00
-2.482819712012182656e+00,-2.482368063078401299e+00,-2.483217363682365786e+00,-2.482819712012182656e+00,-2.881600000000000161e+00,-2.881600000000000161e+00
0.000000000000000000e+00,0.000000000000000000e+00,0.000000000000000000e+00,0.000000000000000000e+00,0.000000000000000000e+00,0.000000000000000000e+00
-2.470791825808952513e+00,-2.470613438464000389e+00,-2.472190504766178965e+00,-2.470791825808952513e+00,-2.881600000000000161e+00,-2.881600000000000161e+00
-2.482819712012182656e+00,-2.482368061889478117e+00,-2.482368061961840233e+00,-2.482819712012182656e+00,-2.881600000000000161e+00,-2.881600000000000161e+00
-2.452329510275241375e+00,-2.451022396440941442e+00,-2.451022396379578527e+00,-2.452329510275241375e+00,-2.881600000000000161e+00,-2.881600000000000161e+00
-2.482819712012182656e+00,-2.482368059924928705e+00,-2.482368060224463324e+00,-2.482819712012182656e+00,-2.881600000000000161e+00,-2.881600000000000161e+00
0.000000000000000000e+00,0.000000000000000000e+00,0.000000000000000000e+00,0.000000000000000000e+00,0.000000000000000000e+00,0.000000000000000000e+00
-1.029496582408558458e+00,-1.016814749584283861e+00,-1.052076685151153157e+00,-1.029496582408558458e+00,-1.000000000000000000e+00,-1.000000000000000000e+00
-1.481626392341844456e+00,-1.493609570068103576e+00,-1.498688234268627850e+00,-1.481626392341844456e+00,-1.959999999999999964e+00,-1.959999999999999964e+00
-1.198992688333818224e+00,-1.187440467216702711e+00,-1.220803886062604926e+00,-1.198992688333818224e+00,-1.959999999999999964e+00,-1.959999999999999964e+00
-1.251032980800465433e+00,-1.253293775271280497e+00,-1.239546513790109827e+00,-1.251032980800465433e+00,-1.959999999999999964e+00,-1.959999999999999964e+00
0.000000000000000000e+00,0.000000000000000000e+00,0.000000000000000000e+00,0.000000000000000000e+00,0.000000000000000000e+00,0.000000000000000000e+00
-2.489473469916128945e+00,-2.489420835472591076e+00,-2.489473469916128945e+00,-2.489420835364893225e+00,-2.881600000000000161e+00,-2.881600000000000161e+00
-2.418955493141867308e+00,-2.418370650404333855e+00,-2.418955493141867308e+00,-2.418370649622345159e+00,-2.881600000000000161e+00,-2.881600000000000161e+00
-2.482819712012182656e+00,-2.482368062720190949e+00,-2.482819712012182656e+00,-2.482368062689690014e+00,-2.881600000000000161e+00,-2.881600000000000161e+00
-2.489473469916128945e+00,-2.489420837847035273e+00,-2.489473469916128945e+00,-2.489527624048986976e+00,-2.881600000000000161e+00,-2.881600000000000161e+00
0.000000000000000000e+00,0.000000000000000000e+00,0.000000000000000000e+00,0.000000000000000000e+00,0.000000000000000000e+00,0.000000000000000000e+00
-2.489473469916128945e+00,-2.489420837847035273e+00,-2.489473469916128945e+00,-2.489605327120531175e+00,-2.881600000000000161e+00,-2.881600000000000161e+00
-2.452329510275241375e+00,-2.451022397439995615e+00,-2.452329510275241375e+00,-2.451231655794303244e+00,-2.881600000000000161e+00,-2.881600000000000161e+00
-2.418955493141867308e+00,-2.418370653964636130e+00,-2.418955493141867308e+00,-2.418370653845164142e+00,-2.881600000000000161e+00,-2.881600000000000161e+00
-2.489473469916128945e+00,-2.489420837593012692e+00,-2.489473469916128945e+00,-2.489420837602633885e+00,-2.881600000000000161e+00,-2.881600000000000161e+00
0.000000000000000000e+00,0.000000000000000000e+00,0.000000000000000000e+00,0.000000000000000000e+00,0.000000000000000000e+00,0.000000000000000000e+00
-2.482819712012182656e+00,-2.482368062896433081e+00,-2.482819712012182656e+00,-2.482368062913653084e+00,-2.881600000000000161e+00,-2.881600000000000161e+00
-2.470791825808952513e+00,-2.470613438463998612e+00,-2.470791825808952513e+00,-2.470795467963120995e+00,-2.881600000000000161e+00,-2.881600000000000161e+00
-2.418955493141867308e+00,-2.418370662400000981e+00,-2.418955493141867308e+00,-2.422920881259149173e+00,-2.881600000000000161e+00,-2.881600000000000161e+00
-2.470791825808952513e+00,-2.470613438464000389e+00,-2.470791825808952513e+00,-2.470848725632301957e+00,-2.881600000000000161e+00,-2.881600000000000161e+00
0.000000000000000000e+00,0.000000000000000000e+00,0.000000000000000000e+00,0.000000000000000000e+00,0.000000000000000000e+00,0.000000000000000000e+00
-1.088316719112216058e+00,-1.092924339632549424e+00,-1.088316719112216058e+00,-1.080650864051152293e+00,-1.959999999999999964e+00,-1.959999999999999964e+00
-1.439194158689421243e+00,-1.460317693093768465e+00,-1.439194158689421243e+00,-1.459076044499223901e+00,-1.959999999999999964e+00,-1.959999999999999964e+00
-1.251032980800465433e+00,-1.254812955880934666e+00,-1.251032980800465433e+00,-1.242979119162223478e+00,-1.959999999999999964e+00,-1.959999999999999964e+00
-1.198992688333818224e+00,-1.184506166197577759e+00,-1.198992688333818224e+00,-1.208090097618955916e+00,-1.959999999999999964e+00,-1.959999999999999964e+00
0.000000000000000000e+00,0.000000000000000000e+00,0.000000000000000000e+00,0.000000000000000000e+00,0.000000000000000000e+00,0.000000000000000000e+00
-2.493808280614515649e+00,-2.493652502708219032e+00,-2.493837785403283824e+00,-2.493808280614515649e+00,-2.881600000000000161e+00,-2.881600000000000161e+00
-2.452329510275241375e+00,-2.451022397439998279e+00,-2.453189243133615083e+00,-2.452329510275241375e+00,-2.881600000000000161e+00,-2.881600000000000161e+00
-2.489473469916128945e+00,-2.489420837847035273e+00,-2.489790322394155542e+00,-2.489473469916128945e+00,-2.881600000000000161e+00,-2.881600000000000161e+00
-2.482819712012182656e+00,-2.482368062890481841e+00,-2.482368062886269211e+00,-2.482819712012182656e+00,-2.881600000000000161e+00,-2.881600000000000161e+00
0.000000000000000000e+00,0.000000000000000000e+00,0.000000000000000000e+00,0.000000000000000000e+00,0.000000000000000000e+00,0.000000000000000000e+00
-2.482819712012182656e+00,-2.482368062220186022e+00,-2.482368062197336744e+00,-2.482819712012182656e+00,-2.881600000000000161e+00,-2.881600000000000161e+00
-2.418955493141867308e+00,-2.418370661008840461e+00,-2.418370661134862321e+00,-2.418955493141867308e+00,-2.881600000000000161e+00,-2.881600000000000161e+00
-2.452329510275241375e+00,-2.451022397440000944e+00,-2.453108177490552322e+00,-2.452329510275241375e+00,-2.881600000000000161e+00,-2.881600000000000161e+00
-2.493808280614515649e+00,-2.493652502708222585e+00,-2.493900119858701636e+00,-2.493808280614515649e+00,-2.881600000000000161e+00,-2.881600000000000161e+00
0.000000000000000000e+00,0.000000000000000000e+00,0.000000000000000000e+00,0.000000000000000000e+00,0.000000000000000000e+00,0.000000000000000000e+00
-2.489473469916128945e+00,-2.489420837847038825e+00,-2.489569921419391818e+00,-2.489473469916128945e+00,-2.881600000000000161e+00,-2.881600000000000161e+00
-2.224204870197966422e+00,-2.227073832554249400e+00,-2.224089666996422743e+00,-2.224204870197966422e+00,-2.122086400000003259e+00,-2.881600000000000161e+00
-1.850033910396595926e+00,-1.855688763190022073e+00,-1.868404853598710780e+00,-1.850033910396595926e+00,-1.450240000000003526e+00,-1.959999999999999964e+00
-2.235236675390047889e+00,-2.236495514423940456e+00,-2.243502696196088220e+00,-2.235236675390047889e+00,-2.122086400000003259e+00,-2.881600000000000161e+00
0.000000000000000000e+00,0.000000000000000000e+00,0.000000000000000000e+00,0.000000000000000000e+00,0.000000000000000000e+00,0.000000000000000000e+00
-2.067881331343881079e+00,-1.870144000000002915e+00,-2.056717723452240687e+00,-2.067881331343881079e+00,-2.881600000000000161e+00,-2.061112779134979256e+00
-1.481626392341844456e+00,-7.504000000000046189e-01,-1.477827365146866523e+00,-1.481626392341844456e+00,-1.959999999999999964e+00,-1.514206382139339224e+00
-2.085166078090125996e+00,-1.870144000000002915e+00,-2.088112358064396545e+00,-2.085166078090125996e+00,-2.881600000000000161e+00,-2.093659321470102697e+00
-1.000000000000000056e-01,-1.000000000000000056e-01,-1.000000000000000056e-01,-1.000000000000000056e-01,-1.000000000000000000e+00,1.999999999999998579e+01
0.000000000000000000e+00,0.000000000000000000e+00,0.000000000000000000e+00,0.000000000000000000e+00,0.000000000000000000e+00,0.000000000000000000e+00
-2.496206273117866026e+00,-2.496191501508582711e+00,-2.496206273117866026e+00,-2.496191501512840194e+00,-2.881600000000000161e+00,-2.881600000000000161e+00
-2.470791825808952513e+00,-2.470613425653483297e+00,-2.470791825808952513e+00,-2.470613425321406709e+00,-2.881600000000000161e+00,-2.881600000000000161e+00
-2.493808280614515649e+00,-2.493652502388106651e+00,-2.493808280614515649e+00,-2.493652502399983817e+00,-2.881600000000000161e+00,-2.881600000000000161e+00
-2.470791825808952513e+00,-2.470613438463996836e+00,-2.470791825808952513e+00,-2.471642399010741009e+00,-2.881600000000000161e+00,-2.881600000000000161e+00
0.000000000000000000e+00,0.000000000000000000e+00,0.000000000000000000e+00,0.000000000000000000e+00,0.000000000000000000e+00,0.000000000000000000e+00
-2.470791825808952513e+00,-2.470613438463996836e+00,-2.470791825808952513e+00,-2.471223919474513142e+00,-2.881600000000000161e+00,-2.881600000000000161e+00
-2.367727735867419803e+00,-2.363951103999998082e+00,-2.367727735867419803e+00,-2.368741991945392478e+00,-2.881600000000000161e+00,-2.881600000000000161e+00
-2.470791825808952513e+00,-2.470613437519400435e+00,-2.470791825808952513e+00,-2.470613437579137983e+00,-2.881600000000000161e+00,-2.881600000000000161e+00
-2.496206273117866026e+00,-2.496191501471815677e+00,-2.496206273117866026e+00,-2.496191501482158515e+00,-2.881600000000000161e+00,-2.881600000000000161e+00
0.000000000000000000e+00,0.000000000000000000e+00,0.000000000000000000e+00,0.000000000000000000e+00,0.000000000000000000e+00,0.000000000000000000e+00
-2.493808280614515649e+00,-2.493652502307189156e+00,-2.493808280614515649e+00,-2.493652502298269624e+00,-2.881600000000000161e+00,-2.881600000000000161e+00
-2.292754445235749117e+00,-2.301709563622310384e+00,-2.292754445235749117e+00,-2.273251840000003909e+00,-2.881600000000000161e+00,-2.881600000000000161e+00
-2.031121236267231733e+00,-2.023055756201626920e+00,-2.031121236267231733e+00,-1.870144000000002915e+00,-2.881600000000000161e+00,-2.881600000000000161e+00
-2.309002496729266163e+00,-2.302652180987442510e+00,-2.309002496729266163e+00,-2.273251840000003909e+00,-2.881600000000000161e+00,-2.881600000000000161e+00
0.000000000000000000e+00,0.000000000000000000e+00,0.000000000000000000e+00,0.000000000000000000e+00,0.000000000000000000e+00,0.000000000000000000e+00
-1.970035396171549325e+00,-1.983786882161511000e+00,-1.970035396171549325e+00,-1.988548744663979573e+00,-2.881600000000000161e+00,-2.881600000000000161e+00
-1.144784050347727344e+00,-1.092030903521183705e+00,-1.144784050347727344e+00,-1.165567980094320166e+00,-1.959999999999999964e+00,-1.959999999999999964e+00
-2.011584621111699889e+00,-2.023750585938400182e+00,-2.011584621111699889e+00,-2.034108194283578364e+00,-2.881600000000000161e+00,-2.881600000000000161e+00
-1.960000000000000075e-01,-1.960000000000000075e-01,-1.960000000000000075e-01,-7.000000000000000666e-02,-1.000000000000000000e+00,-1.000000000000000000e+00
